,user_account,tweet,tweet_clean,label
501,@kantahkabsragen,"#Repost 
@perekonomianri
 with 
@make_repost
・・・
#Grafikonomi 

Prosedur Program Legislasi Nasional (Prolegnas) dan pembahasan RUU Cipta Kerja di DPR RI telah ditaati oleh DPR RI, DPD RI, dan Pemerintah. 
#OmnibusLawTaatProsedur
#CiptaKerja
#UntukEkonomiIndonesia
Repost 
@atr_bpn",prosedur program legislasi nasional program legislatif nasional bahas rancang undang undang cipta kerja dewan wakil rakyat rakyat indonesia taat dewan wakil rakyat rakyat indonesia dewan wakil daerah rakyat indonesia perintah posting ulang,1
502,@notidakyesiya,"RUU Cipta Kerja dinilai akan membuat pengangguran dan kemiskinan teratasi 
#OmnibusLawUntungkanBuruhRUU Cipta Kerja Dinilai akan Membuat Pengangguran dan Kemiskinan Teratasi
Sebanyak 6,9 juta orang merupakan penganggur terbuka.
suara.com",rancang undang undang cipta kerja nilai anggur miskin atas cipta kerja nilai anggur miskin atas juta orang anggur buka,1
503,@AlfianIan16,"Membalas 
@AnakKolong_Percuma atuhhh atot sandiwara-nya. 
Kan kemari2 semangat 212 menolak Ruu cipta kerja.",balas sandiwara semangat tolak rancang undang undang cipta kerja,0
504,@Jitelu03,"Tahapan Penyusunan Undang Undang Cipta Kerja

Rapat Terbatas dg Presiden membahas RUU Omnibus Law Cipta Kerja Tahap Finalisasi.

#OmnibusLawTaatProsedural

Dibaca ya ",tahap susun undang undang cipta kerja rapat batas presiden bahas rancang undang undang omnibus law cipta kerja tahap final baca ya,1
505,@BuruhNews,""" TERBITKAN PERPPU BATALKAN RUU OMNIBUSLAW CIPTA KERJA "" 

Retorika Dewan Pengkhianat Rakyat....

#TolakOmnibusLaw #GagalkanOmnibuslaw #mositidakpercaya #TerbitkanPerppuBatalkanOmnibuslaw #buruhnews https://instagram.com/p/CGSsYbjp-ip/?igshid=1aazbryt6b46c…",terbit atur pusat batal rancang undang undang omnibus law cipta kerja retorika dewan khianat rakyat,0
506,@aguos_kothak,"Selain itu, Azis menegaskan bahwa pengeditan draf UU Cipta Kerja tidak akan mengubah substansi apa pun yang sudah disepakati dalam Rapat Panitia Kerja RUU Cipta Kerja dan disahkan dalam Rapat Paripurna karena itu tindak pidana.",azis edit draf undang undang cipta kerja ubah substansi pakat rapat panitia kerja rancang undang undang cipta kerja sah rapat paripurna tindak pidana,1
507,@Hanifah933,"@DPR_RI
 memasukan RUU Omnibus Law Cipta Kerja sebagai Program Prioritas tahun 2020 di Rapat Paripurna 22 Januari 2020.
Program yg harus diutamakan gaes! 

#OmnibusLawTaatProsedural",pasu rancang undang undang omnibus law cipta kerja program prioritas tahi rapat paripurna januari program utama teman,1
508,@kemenhub151,"#KawulaModa, tahukah bahwa pembahasaan RUU Cipta kerja dilakukan sebanyak 64 kali terdiri dari dua kali rapat kerja, 56 kali rapat Panitia Kerja, dan enam kali rapat tim perumus, dan tim sinkronisasi.

#OmnibuslawTaatProsedural",tahu bahasa rancang undang undang cipta kerja kali kali rapat kerja kali rapat panitia kerja enam kali rapat tim rumus tim sinkronisasi,1
509,@OrangBia5a_,"Pembahasan RUU acapkali menimbulkan konflik dari para pihak yg berkepentingan seperti RUU Cipta kerja oleh para buruh..
#KAMITroubleMaker
https://haluanberita.id/pengamat-
duga-ada-2-kelompok-tunggangi-aksi-demo-tolak-uu-cipta-kerja-ada-yang-memanfaatkan/Pengamat Duga Ada 2 Kelompok Tunggangi Aksi Demo Tolak UU Cipta Kerja:
JAKARTA - Polemik tentang omnibus law khususnya klaster RUU Cipta Kerja sejak diwacanakan hingga pembahasan dan disahkan dalam Paripurna masih menyisakan pro dan kontra di tengah masyarakat. Pengamat
haluanberita.id",bahas rancang undang undang kali timbul konflik penting rancang undang undang cipta kerja buruh,1
510,@monologis_id,"Serikat buruh se-Kabupaten Serang tuntut pemerintah beserta DPRD Kabupaten Serang menolak pengesahan RUU Cipta Kerja atau Omnibus Law. Unjuk rasa dilakukan di depan halaman Pendopo Bupati Serang, Banten, Rabu (14/10).Buruh Curiga Ada Kecurangan dalam Penyusunan UU Cipta Kerja
SERANG - Serikat buruh se-Kabupaten Serang tuntut pemerintah beserta DPRD Kabupaten Serang menolak pengesahan RUU Cipta Kerja atau Omnibus Law. Unjuk rasa...
monologis.id",serikat buruh kabupaten serang tuntut perintah serta dewan wakil rakyat daerah kabupaten serang tolak kesah rancang undang undang cipta kerja omnibus law unjuk halaman pendopo bupati serang banten rabu buruh curiga curang susun undang undang cipta kerja serang serikat buruh kabupaten serang tuntut perintah serta dewan wakil rakyat daerah kabupaten serang tolak kesah rancang undang undang cipta kerja omnibus law unjuk monolog,0
511,@ikanLAUTAN_ID,"Dialog Laut S1:E4 ""RUU Cipta Kerja dan Sektor Kelautan"" https://youtu.be/_W0QCp1qg_0 via 
@YouTubeDialog Laut S1:E4 ""RUU Cipta Kerja dan Sektor Kelautan""
Bagaimana implikasi RUU Cipta Kerja terhadap sektor kelautan? Benarkah ada pengurangan partisipasi masyarakat dalam penyusunan Amdal? Bagaimana dengan pengaw...
youtube.com",dialog laut rancang undang undang cipta kerja sektor laut,1
512,@honeypeacha,"yg kemaren ngasi penjelasan tentang ruu cipta kerja liat dong, ada tugas anj :')",kemarin kasih jelas rancang undang undang cipta kerja lihat tugas anjing,0
513,@mallasir1,"Membalas 
@DahnilanzarAku lagi malas baca PDF RUU cipta kerja, Tolong dilampirkan pasal-pasal tentang kedaulatan pertahanannya.",balas malas baca pdf rancang undang undang cipta kerja tolong lampir pasal pasal daulat tahan,1
514,@rakyatkecilaja,""" ... dari percakapan di grup tersebut juga disebutkan bahwa Ormas KAMI diduga sudah merencanakan pengrusakan pada aksi penolakan RUU Cipta Kerja atau Omnibus Law tersebut "" Polri Bongkar Percakapan Grup WA KAMI, Isinya Bikin Ngeri | Kabar24 - Bisnis.com
Polri membeberkan seluruh percakapan grup Whatsapp Ormas Koalisi Aksi Menyelamatkan Indonesia (KAMI) yang isinya disebut mengerikan mengenai Pemerintah dan RUU Cipta Kerja atau Omnibus Law.
kabar24.bisnis.com",cakap grup organisasi massa duga rencana rusa aksi tolak rancang undang undang cipta kerja omnibus law polri bongkar cakap grup whatsapp isi bikin ngeri polri beber cakap grup whatsapp organisasi massa koalisi aksi selamat indonesia isi keri perintah rancang undang undang cipta kerja omnibus law,1
515,@oreoregalll,"Membalas 
@collegemenfessGuys tolong isi form ini ya tentang Kontraversi RUU Cipta Kerja, terimakasih..
http://forms.gle/bKQx8sggGK7P67Jp7…",balas tolong isi formulir ya kontraversi rancang undang undang cipta kerja terima kasih,1
516,@James_Pardi,"Jakarta rusak setelah demo RUU Cipta Kerja / Omnibus Law #democracysausage #13Oktober2020 #13oktoberJAKARTA RUSAK AKIBAT DEMO RUU CIPTA KERJA / OMNIBUS LAW CAPAI 100...
Demo RUU CIPTA KERJA / OMNIBUS LAW yang terjadi pada Kamis 08 Oktober 2020 menyisakan kerusakan. Kerusakan terpantau dari Patung Kuda Jakarta Pusat sampai Jl...
youtube.com",jakarta rusak demo rancang undang undang cipta kerja omnibus law rusak akibat demo rancang undang undang cipta kerja omnibus law capai demo rancang undang undang cipta kerja omnibus law kamis oktober sisa rusa rusa pantau patung kuda jakarta pusat jalan,0
517,@kacenery,emerintah Indonesia bersama Dewan Perwakilan Rakyat (DPR) RI telah memutuskan Rancangan Undang-Undang (RUU) Ciptaker menjadi Undang-Undang (UU). Dalam beleid itu ada beberapa poin klaster Peningkatan Ekosistem Investasi dalam UU Cipta Kerja. #OmnibusLawLestari,perintah indonesia dewan wakil rakyat dewan wakil rakyat rakyat indonesia putus rancang undang undang rancang undang undang cipta kerja undang undang undang undang bijak poin kluster tingkat ekosistem investasi undang undang cipta kerja,1
518,@abjambak,"Kemana saja zon rekan2 anda sudah selesai pembahasan dan pengesahan anda baru dapat file pdf RUU Cipta kerja gitu rupanya kerja anda pintar nyalahin orang anehTweet Kutipan
FADLI ZON (IG: fadlizon)
@fadlizon
 · 12 Okt
Baru terima file pdf RUU Cipta Kerja malam ini jam 22.21 WIB dr Baleg. Ini yg paling akhir katanya. Jumlah halaman 812. Besok sy baca.",mana zon selesai bahas kesah file pdf rancang undang undang cipta kerja kerja pintar salah orang aneh tweet kutip fadli zon instagram fadlizon oktober terima file pdf rancang undang undang cipta kerja malam jam wib baleg halaman besok baca,1
519,@arunikasetya,"Pertanyaannya
Kenapa pemerintah mayoritas keukeuh dan satu suara kalau uu cipta kerja ini sangat bermanfaat kalau ga terlepas dr kepentingan? 
Ruu pks aja jelas pentingnya dan nyata, tp ditunda-tunda sampai sekarang pengesahannya. Kenapa? Karna ga beririsan kepentingan?",tanya perintah mayoritas upaya keras suara undang undang cipta kerja manfaat lepas penting rancang undang undang pks nyata tunda tunda kesah iris penting,1
520,@kabarpolitik,"Turn Back Hoax: [SALAH] Video Demonstrasi Buruh Tolak RUU Cipta KerjaTurn Back Hoax: [SALAH] Video Demonstrasi Buruh Tolak RUU Cipta Kerja
Hasil periksa fakta Erviana Hasan (Mahasiswa Universitas Halu Oleo) Faktanya, video yang diunggah adalah video aksi massa yang bertajuk Gerakan #Savebabi yang merupakan bentuk penolakan terkait isu...
kabarpolitik.com",turn hoax salah video demonstrasi buruh tolak rancang undang undang cipta kerja turn hoax salah video demonstrasi buruh tolak rancang undang undang cipta kerja hasil periksa fakta erviana hasan mahasiswa universitas halu oleo fakta video unggah video aksi tajuk gera bentuk tolak kait isu,1
521,@Mtuhasan02,"But kalian yg teriak teriak tentang RUU Cipta Kerja baca pasal 88F

""pemberi kerja dilarang memberi gaji di bawah upah minimum""!!

Jadilah nitezen yg cerdas,cermat dan smart.banyak membaca,bertanya,dan mendengar.

Katakan tidak pada hoax.

#OBLBuatRakyatSejahtera",teriak teriak rancang undang undang cipta kerja baca pasal beri kerja larang gaji upah minimum netizen cerdas cermat pintar baca dengar hoax,1
522,@Mistubin1,"Untuk itu, kini para serikat buruh berencana akan melakukan aksi mogok buruh secara nasional pada 6-8 Oktober untuk menolak pengesahan RUU Cipta Kerja tersebut. #GagalTotalTunggangiHoaxOBL",serikat buruh rencana aksi mogok buruh nasional oktober tolak kesah rancang undang undang cipta kerja,0
523,@wa_puspa,"Pihak yang menolak Rancangan Undang-undang Cipta Kerja (RUU Ciptaker) belum tentu paham akan kepentingan dan manfaat besar dari aturan tersebut. #OmnibusLawUntungkanBuruhOmnibus Law Cipta Kerja Bermanfaat Bagi Pekerja
Oleh : Raavi Ramadhan )* Pihak yang menolak Rancangan Undang-undang Cipta Kerja (RUU Ciptaker) belum tentu paham akan kepentingan dan manfaat besar dari aturan tersebut. Padahal Omnibus Law Cipta...
klikwarta.com",tolak rancang undang undang cipta kerja rancang undang undang cipta kerja paham penting manfaat atur law cipta kerja manfaat kerja raavi ramadhan tolak rancang undang undang cipta kerja rancang undang undang cipta kerja paham penting manfaat atur omnibus law cipta,1
524,@Namaku_Mei,"Massa melemparkan batu ke arah barikade kepolisian. Polisi membalas dengan melemparkan gas air mata
.
Bentrokan antara aparat kepolisian dengan massa demonstran tolak RUU Cipta Kerja juga terus berlangsung hingga ke kawasan permukiman warga.",lempar batu arah barikade polisi polisi balas lempar gas air mata bentrok aparat polisi demonstran tolak rancang undang undang cipta kerja kawasan mukim warga,1
525,@imigrasiranai,"adan Legislasi (Baleg) 
@DPR_RI
 dan Pemerintah melakukan rapat perdana untuk membahas RUU Cipta Kerja pada tanggal 14 April 2020. Dalam rapat tersebut, Panitia Kerja (Panja) RUU Cipta Kerja resmi dibentuk
#KumhamPasti
#OmnibusLawTaatProsedural
#Kumham22",adan legislasi baleg perintah rapat perdana bahas rancang undang undang cipta kerja tanggal april rapat panitia kerja panitia kerja rancang undang undang cipta kerja resmi bentuk,1
526,@binofficial_ri,"DPR RI telah mengesahkan RUU Cipta Kerja menjadi Undang-Undang pada 5 Oktober 2020. Hal itu merupakan upaya Pemerintah untuk memulihkan perekonomian nasional di masa pandemi Covid-19. 

Naskah dapat diakses di :
https://ekon.go.id/info-sektoral/15/6/dokumen-ruu-cipta-kerja…

#OmnibusLawTransparan",dewan wakil rakyat rakyat indonesia kesah rancang undang undang cipta kerja undang undang oktober upaya perintah pulih ekonomi nasional pandemi covid naskah akses,1
527,@LpSiborong,"2.Secara resmi, Menteri 
@PerekonomianRI
 telah menetapkan Panitia Antar Kementerian dan/atau Antar NonKementerian dalam Penyusunan RUU tentang Cipta Lapangan Kerja pada tanggal 23 Oktober 2019 yang dipimpinoleh Sekretaris Menko
#KumhamPasti
#OmnibusLawTaatProsedural
#Kumham22Kanwil Kemenkumham Sumut dan 3 lainnya",resmi menteri tetap panitia menteri nonkementerian susun rancang undang undang cipta lapang kerja tanggal oktober pimpin sekretaris menteri koordinator kemenkumham sumatera utara,1
528,@mudahbergaul,6. Tahapan penyusunan dan pembahasan selanjutnya: Presiden menyampaikan RUU Cipta Kerja kepada Ketua DPR RI.,tahap susun bahas presiden rancang undang undang cipta kerja ketua dewan wakil rakyat rakyat indonesia,1
529,@jenk__kelin,"#OmnibusLawTransparan

Penting..!! Semua pihak dan pemangku kepentingan dilibatkan pemerintah dalam penyusunan Draft RUU Cipta Kerja.

Menko Bidang Perekonomian Airlangga Hartanto, menjelaskan bahwa seluruh proses pembahasan dilaksanakan secara transparan & terbuka.
￼",mang penting libat perintah susun draf rancang undang undang cipta kerja menteri koordinator bidang ekonomi airlangga hartanto proses bahas laksana transparan buka,1
530,@anggasatria16,Tanpa sadar update kasus korona berhenti semenjak adanya RUU cipta kerja,sadar update corona henti semenjak rancang undang undang cipta kerja,0
531,@Miss_yuEs,"Diskusi Publik Pro Kontrak RUU Cipta Kerja tapi Rasa Pro semua
Mon Maap pak pemateri
_Ketua Fraksi Demokrat DPRD Jawa Timur
2 : H. Samsul Arifin, S. http://Ag.M.Si
_Anggota DPRD Jatim, Fraksi PKB
3 : Jamil, S.H., M.H.
_Akademisi",diskusi publik pro kontrak rancang undang undang cipta kerja pro mon maaf materi ketua fraksi demokrat dewan wakil rakyat daerah jawa timur h samsul arifin s,1
532,@rizkybasss,"Seandainya tugas akhir itu sama kaya RUU Cipta Kerja, ga ada sidang pasti bahagia banget rasanya",anda tugas kaya rancang undang undang cipta kerja sidang bahagia banget,0
533,@bogemaylav,"oh mngkin uu ciptakerja konsepny ky sidang skripsi kali y. pas sidang yg dikirim skripsi blm final bgt (baca: draft ruu) trs di cecer dosen penguji (baca: demo buruh/mhsswa) hbs itu revisi trs wisuda deh (1035
812). gda ceritanya ditarik atau batal sarjana kan /akhrnya PASTI SAH",oh undang undang cipta kerja konsep kayak sidang skripsi kali y pas sidang kirim skripsi final banget baca draf rancang undang undang cecer dosen uji baca demo buruh mahasiswa habis revisi wisuda deh cerita tarik batal sarjana sah,1
534,@pasti_bersyukur,"#OmnibusLawTransparan
Ketua 
@DPR_RI
 Puan M meminta pemerintah menggandeng kelompok buruh dlm membahas aturan turunan Omnibus Law RUU Cipta Kerja.
Puan menegaskan DPR RI akan mengawal utk memastikan bahwa aturan turunan UUCK memberikan manfaat yang adil bagi semua pihak",ketua puan m perintah gandeng kelompok buruh bahas atur turun omnibus law rancang undang undang cipta kerja puan dewan wakil rakyat rakyat indonesia awal atur turun undang undang cipta kerja manfaat adil,1
535,@crown_abie,"Secara resmi atas nama pemerintah, presiden Jokowi merilis pernyataan untuk meluruskan atas Hoax yg beredar tentang point-point RUU Cipta Kerja.

Presiden menegaskan bahwa #OBLBuatRakyatSejahtera

Daftar 7 Hoaks yang Dibantah Jokowi di UU Cipta KerjaDaftar 7 Hoaks yang Dibantah Jokowi di UU Cipta Kerja
Presiden Joko Widodo (Jokowi) meluruskan hoaks yang beredar di masyarakat terkait Omnibus Law Cipta Kerja atau UU Cipta Kerja.
money.kompas.com",resmi nama perintah presiden jokowi rilis nyata lurus hoax edar poin poin rancang undang undang cipta kerja presiden daftar hoax ban jokowi undang undang cipta kerja daftar hoax ban jokowi undang undang cipta kerja presiden joko widodo jokowi lurus hoax edar masyarakat kait omnibus law cipta kerja undang undang cipta kerja money,1
536,@myozhyme,"3.
""Keterbukaan dalam proses itu, bahkan bisa diketahui karena banyak jejak digital dan liputan media.

Pembahasan RUU Cipta kerja ini umumnya dilakukan di Ruang Rapat Baleg DPR dan dilaksanakan pada siang hari.""

#OmnibusLawTransparan",buka proses jejak digital liput media bahas rancang undang undang cipta kerja ruang rapat baleg dewan wakil rakyat laksana siang,1
537,@Genpi_Co,"Presiden keenam RI Susilo Bambang Yudhoyono (SBY) blak-blakan setelah namanya dituduh sebagai dalang demo RUU Cipta Kerja.  #SBYOmongan SBY Bikin Merinding: Sakit Hati Saya, Pak Jokowi
Presiden keenam RI Susilo Bambang Yudhoyono (SBY) blak-blakan setelah namanya dituduh sebagai dalang demo RUU Cipta Kerja. 
genpi.co",presiden enam rakyat indonesia susilo bambang yudhoyono susilo bambang yudhoyono blak blakan nama tuduh dalang demo rancang undang undang cipta kerja susilo bambang yudhoyono bikin merinding sakit hati jokowi presiden enam rakyat indonesia susilo bambang yudhoyono susilo bambang yudhoyono blak blakan nama tuduh dalang demo rancang undang undang cipta kerja genpi,0
538,@GreenpeaceID,"Senin (12/10)  beredar lagi draf sebanyak 812 halaman. Revisi lagi? Artinya 
@DPR_RI
 mengesahkan UU sebelum draf final. Proses pengesahan RUU Cipta Kerja yang kurang transparan&terburu-buru dinilai sangat janggal oleh publik.

#BatalkanOmnibusLaw #TolakOmnibusLaw #MosiTidakPercaya",senin edar draf halaman revisi kesah undang undang draf final proses kesah rancang undang undang cipta kerja transparan buru buru nilai janggal publik,0
539,@people_shittt,"Membalas 
@KemenBUMNsebelum sahkan RUU cipta kerja disahkan dulu UU MK yg baru. jadi aman lah ya",balas sah rancang undang undang cipta kerja sah undang undang mahkamah konstitusi aman ya,1
540,@Infokbb_id,"[Foto] Momen yang berhasil diabadikan oleh @bikrypna saat demonstrasi menolak RUU Cipta Kerja di Kota Bandung, tepat di depan Gedung DPRD Jawa Barat pada 7/10/2020 #infokbb_id",foto momen hasil abadi demonstrasi tolak rancang undang undang cipta kerja kota bandung gedung dewan wakil rakyat daerah jawa barat,1
541,@mariodesuganda,"Versi pemerintah kan RUU cipta kerja yang mana, jadi pemerintah penyebar hoax dong kalo begitu?Tweet Kutipan
Political Jokes ID
@PolJokesID
 · 15 Okt",versi perintah rancang undang undang cipta kerja perintah sebar hoax tweet kutip politik jokes oktober,0
542,@iyeeeennnn,"dia cm modal percaya panja sm baleg kalo emang gaada pasal 'selundupan' di ruu yang disahkan mereka kmrn. yauda abis itu diparaf sm mereka dan dibawa ke paripurna buat diketok sah. kira kira pandangannya gmn?
sumber : narasi tv mata najwa part1 ciptakerja : mana fakta mana dusta",cm modal percaya panitia kerja baleg emang pasal selundup rancang undang undang sah kemarin ya habis paraf bawa paripurna ketok sah pandang sumber narasi televisi mata najwa cipta kerja fakta dusta,0
543,@AlghifAqsa,"Peraturan pelaksana UU Cipta Kerja ternyata sudah disiapkan jauh-jauh hari oleh kementrian terkait sejak awal RUU CK. Skrg tinggal sesuaikan dg UU yg disahkan.

Pantes pemerintah percaya diri di UU Cipta Kerja peraturan pelaksana wajib ditetapkan paling lama 3 bulan.",atur laksana undang undang cipta kerja siap tri kait rancang undang undang tinggal sesuai undang undang sah pantes perintah percaya undang undang cipta kerja atur laksana wajib tetap,1
544,@myozhyme,"3. RUU Cipta Kerja ditetapkan sbg Prolegnas Prioritas Tahun 2020 di Rapat Paripurna 22 Januari 2020.

#OmnibusLawTaatProsedural",rancang undang undang cipta kerja tetap program legislatif nasional prioritas tahi rapat paripurna januari,1
545,@kemenkopmk,"Tahukah kamu #SahabatPMK , bhw pembahasan RUU Cipta Kerja ini dilakukan sebanyak 64 kali loh.

Pembahasan tersebut terdiri dari 2 kali Rapat Kerja (Raker), 56 kali Rapat Panitia Kerja (Panja), dan 6 kali Rapat Tim Perumus dan Tim Sinkronisasi.

#OmnibusLawTransparan",tahu bahas rancang undang undang cipta kerja kali bahas kali rapat kerja rapat kerja kali rapat panitia kerja panitia kerja kali rapat tim rumus tim sinkronisasi,1
546,@AldoSallis,"Ketua DPRD Provinsi Kalteng Sebut RUU Cipta Kerja Mempermudah InvestorKetua DPRD Provinsi Kalteng Sebut RUU Cipta Kerja Mempermudah Investor
Ratusan mahasiswa dari berbagai universitas dan organisasi kembali berunjuk rasa menolak RUU Cipta Kerja di depan Kantor DPRD Provinsi Kalteng. Mereka menilai, tiga versi draf UU Cipta Kerja bukti...
kompas.id",ketua dewan wakil rakyat daerah provinsi kalimantan rancang undang undang cipta kerja mudah investor ketua dewan wakil rakyat daerah provinsi kalimantan rancang undang undang cipta kerja mudah investor ratus mahasiswa universitas organisasi unjuk tolak rancang undang undang cipta kerja kantor dewan wakil rakyat daerah provinsi kalimantan nilai versi draf undang undang cipta kerja bukti kompas,1
547,@ecosocrights,"Inikah alasan mengapa DPR mengesahkan UU tanpa pegang draft: 

Baleg baru sadar anggotanya belum pegang draft RUU Cipta Kerja.Baleg Baru Sadar Anggotanya Belum Pegang Draf RUU Cipta Kerja
'Soft copy maupun hard copy bisa diberikan ke fraksi-fraksi. Kalau bisa, hari ini segera dikirim,' pinta Supratman.
nasional.kompas.com",alas dewan wakil rakyat kesah undang undang pegang draf baleg sadar anggota pegang draf rancang undang undang cipta kerja baleg sadar anggota pegang draf rancang undang undang cipta kerja lembut copy keras copy fraksi fraksi kirim pinta supratman nasional,0
548,@nus19m,Revisianku ngalah²i draft RUU cipta kerja eg,revisi kalah draf rancang undang undang cipta kerja,1
549,@PribumiAsli8,"Membalas 
@Gerindra2024 Gerindra akan merosot, karena tidak ada dari pihak Partai yg ikut menyuarakan penolakan RUU Ciptakerja. Ttd: Wongcilik",balas gerindra merosot partai suara tolak rancang undang undang cipta kerja tanda tangan orang,1
550,@sbn_bejoo,"Banyak pakar yg terlibat dalam langkah awal oenyusunan RUU Cipta Kerja. Kalangan akademisi pun turut hadir.

#OmnibusLawTaatProsedural",pakar libat langkah susun rancang undang undang cipta kerja kalang akademisi hadir,1
551,@IndraJPiliang,"Laporan dari 
@bmartawardaya
 ttg Pemangku Adat terkait sjmlh cttn ILUNI UI thd RUU Cipta Kerja. Pdhl sy baru komen soal Kuasa Pertambangan Batubara saja lho :)) #SanggaNusantara",lapor mang adat kait catat ikat alumni universitas indonesia ui rancang undang undang cipta kerja komentar kuasa tambang batu bara,1
552,@RGemalampung,"Pj Bupati Pesibar Ikuti Vicon Sosialisasi RUU Cipta Kerja Bersama KemendagriPj Bupati Pesibar Ikuti Vicon Sosialisasi RUU Cipta Kerja Bersama Kemendagri - Gema Lampung news
PESISIR BARAT | Pjs.Bupati Pesisir Barat Achmad Chrisna Putra ikut serta dalam Vicon sosialisasi RUU Cipta Kerja bersama Kemendagri, Rabu (14/10/2020) di ruang Batu Gughi. Selain itu, tampak juga...
gemalampung.com",pj bupati sibar ikut konferensi video sosialisasi rancang undang undang cipta kerja kemendag republik indonesia jabat bupati sibar ikut konferensi video sosialisasi rancang undang undang cipta kerja kemendag republik indonesia gema lampung news pesisir barat jabat bupati pesisir barat achmad chrisna putra konferensi video sosialisasi rancang undang undang cipta kerja kemendag republik indonesia rabu ruang batu gughi,1
553,@AnandaResti,"Yang kontra disebut termakan hoax, sedangkan naskah RUU Cipta Kerja yg disahkan saat paripurna berbeda dengan RUU Ciptaker yg diserahkan ke Presiden per HARI INI!!. Pecipta hoax sesungguhnya adalah pemerintah!! #MataNajwaCiptaKerjaManaFaktaManaDusta #MataNajwa",kontra makan hoax naskah rancang undang undang cipta kerja sah paripurna beda rancang undang undang cipta kerja serah presiden cipta hoax sungguh perintah,0
554,@m_tambunan,"Semoga RUU Cipta kerja membawa kemajuan bagi Bangsa kita , isinya sdh dijelaskan oleh Pemerintah , kita harapkan tdk ada lagi oknum2 yg memprovokasi masyarakat utk membuat kerusuhan .Tweet Kutipan
Kompas.com
@kompascom
 · 13 Okt
Dokumen berjumlah 1035 halaman itu kemudian menjadi 812 halaman setelah diubah dengan pengaturan kertas legal. / #Nasional https://nasional.kompas.com/read/2020/10/13/07043321/draf-ruu-cipta-kerja-diperbarui-lagi-berubah-jadi-812-halaman…",moga rancang undang undang cipta kerja bawa maju bangsa isi perintah harap provokasi masyarakat rusuh tweet kutip oktober dokumen halaman halaman ubah atur kertas legal,1
555,@kang_mul19,"RUU Cipta Kerja dibahas melalui 64 kali rapat sejak 20 April - 3 Oktober 2020, yang mencakup 15 bab dan 174 pasal.

Khusus di Sektor Pertanahan, dibentuk Badan BANK TANAH yg akan melakukan Reforma Agraria dan redistribusi tanah kepada masyarakat.
@atr_bpn
#OmnibusLawTransparan",rancang undang undang cipta kerja bahas kali rapat april oktober cakup bab pasal khusus sektor tanah bentuk badan bank tanah reforma agraria redistribusi tanah masyarakat,1
556,@faizakbarf,RUU cipta kerja apa berlaku untuk pekerjaan seperti mereka ? #ciptakerja #ruuciptakerja,rancang undang undang cipta kerja laku kerja,1
557,@LP_Kalianda,"Kemudian Presiden 
@jokowi
 melalui surat nomor: R-06/Pres/02/2020 tanggal 7 Februari 2020 menyampaikan secara resmi RUU Cipta Kerja kepada Ketua 
@dpr_ri
 untuk dibahas dalam sidang DPR.

#KumhamPasti
#PastiKeren
#OmnibusLawTaatProsedural",presiden surat nomor r pres tanggal februari resmi rancang undang undang cipta kerja ketua bahas sidang dewan wakil rakyat,1
558,@Cindymon9,"RUU cipta kerja mengedepankan Perlindungan bagi Para Petani
#OmnibusLawPetaniSejahtera",rancang undang undang cipta kerja depan lindung tani,1
559,@subisaja,"Apa di sidang RUU Cipta kerja kemarin begini ndak sih?
@DPR_RI
 ?Tweet Kutipan
Claudia Silver
@claudia_silver7
 · 13 Okt
What happens when you refuse to wear a mask in the Italian senate. Brava
   ",sidang rancang undang undang cipta kerja kemarin sih tweet kutip claudia silver oktober tolak pakai a topeng italian senat,1
560,@Bocahangonan,"Tak ada yg salah prosedur RUU Cipta Kerja yg salah itu orang yang terganggu dg UU ini
#OmnibusLawTaatProseduralTweet Kutipan
S B N
@sbn_bejoo
 · 15 Okt
Banyak pakar yg terlibat dalam langkah awal oenyusunan RUU Cipta Kerja. Kalangan akademisi pun turut hadir.

#OmnibusLawTaatProsedural",salah prosedur rancang undang undang cipta kerja salah orang ganggu undang undang kutip s b n oktober pakar libat langkah susun rancang undang undang cipta kerja kalang akademisi hadir,1
561,@mailbucin3,Cek fakta RUU Cipta Kerja,cek fakta rancang undang undang cipta kerja,1
562,@polsekbuaysand1,Himbauan dari Bapak Dedi Kurniawan S.Pd Tokoh Pemuda Desa Gunung Terang Kecamatan Buay Sandang Aji untuk tidak ikut serta dalam unjuk rasa menolak RUU Omnibus law Cipta Kerja.,himbau dedi kurniawan s tokoh pemuda desa gunung terang camat buai sandang unjuk tolak rancang undang undang omnibus law cipta kerja,1
563,@mulanbilqis,"Sejak awal pembahasan UU CIpta Kerja sudah sesuai mekanisme yg berlaku.

Sejak 20 April 2020 DPR telah membentuk Panitia Kerja (Panja) RUU Cipta Kerja dan kemudian dilakukan pembahasan.

Dalam menggelar pembahasan RUU ini juga atas izin pimpinan DPR.
#OmnibusLawTaatProsedural",bahas undang undang cipta kerja sesuai mekanisme laku april dewan wakil rakyat bentuk panitia kerja panitia kerja rancang undang undang cipta kerja bahas gelar bahas rancang undang undang izin pimpin dewan wakil rakyat,1
564,@taufiqrus,"termasuk penjelasan batang tubuhnya.  Berdasarkan hasil penelusuran PSHTN FHUI, jika dibandingkan antara naskah RUU versi 812 halaman (filenya berjudul ""ruu-cipta-kerja-12-oktober-2020-final"") dengan versi 1035 halaman (filenya berjudul ""RUU Cipta Kerja - KIRIM KE PRESIDEN""),",jelas batang tubuh dasar hasil telusur pusat studi hukum tata negara fakultas hukum universitas indonesia banding naskah rancang undang undang versi halaman file judul rancang undang undang cipta kerja oktober final versi halaman file judul rancang undang undang cipta kerja kirim presiden,1
565,@tamhaRHidayanto,Beredar Draf RUU Cipta Kerja Hasil Revisi dari 1035 Jadi  812 Halaman http://dlvr.it/RjTH5Y,edar draf rancang undang undang cipta kerja hasil revisi halaman,1
566,@SolikhahID,Halaman Draf RUU Omnibus Law / Cipta Kerja ... Dari waktu ke waktu... https://instagram.com/p/CGTa5R_ss49/?igshid=1n9eh1u9jlifd…,halaman draf rancang undang undang omnibus law cipta kerja,1
567,@ariandiputra30,"3. Dari awal tahun, tepatnya januari lalu, RUU Cipta Kerja sudah ditetapkan sbg prolegnas prioritas 2020. Jd, jika ada yg bilang bhw pembahasan nya dikebut atau terkesan terburu-buru, artinya dia gak ngikutin proses yg ada

#OmnibusLawTaatProsedural໓ēēงคຖ໓rค® dan 9 lainnya",tahi tepat januari rancang undang undang cipta kerja tetap program legislatif nasional prioritas bilang bahas kebut kes buru buru proses,1
568,@bilalfata,"Pemerintah mengusulkan empat Omnibus Law kepada DPR. Empat Omnibus Law itu antara lain: RUU Cipta Kerja, Perpajakan, Ibu Kota Baru, dan Kefarmasian.",perintah usul omnibus law dewan wakil rakyat omnibus law rancang undang undang cipta kerja paja kota farmasi,1
569,@Aresz_Arko,"draft final ruu cipta kerja 812 halaman dibaca, al-qur'an 604 halaman gak pernah dibuka. dasar odading",draf final rancang undang undang cipta kerja halaman baca qur an halaman buka dasar odading,0
570,@samirinmairin,"kini tinggal Kepolisian yang menindaklanjuti kasus dan dalang dari kerusuhan demo memprotes RUU Cipta Kerja itu, sehingga dapat dinaikkan menjadi P21 #KAMITroubleMaker https://liputan6.com/news/read/4381088/bin-sebut-sudah-petakan-dalang-kerusuhan-demo-ruu-cipta-kerja…",tinggal polisi menindaklanjuti dalang rusuh demo protes rancang undang undang cipta kerja naik,1
571,@NcuhiRiwo,"RUU Cipta Kerja Tenggelamkan Nelayan Kecil dan Tradisional - Greenpeace Indonesia 

Nih..Nelayan ditenggelamkan !!RUU Cipta Kerja Tenggelamkan Nelayan Kecil dan Tradisional - Greenpeace Indonesia
Jakarta, 7 Oktober 2020 – Koalisi Masyarakat Sipil untuk Perikanan dan Kelautan Berkelanjutan (KORAL) secara tegas menolak RUU Cipta Kerja yang disahkan Dewan Perwakilan Rakyat (DPR) pada Senin...
greenpeace.org",rancang undang undang cipta kerja tenggelam nelayan tradisional greenpeace indonesia nelayan tenggelam rancang undang undang cipta kerja tenggelam nelayan tradisional greenpeace indonesia jakarta oktober koalisi masyarakat sipil ikan laut lanjut koral tolak rancang undang undang cipta kerja sah dewan wakil rakyat dewan wakil rakyat senin greenpeace orang,0
572,@Lampung_Utara,"RUU Cipta Kerja Untuk Petani

#OmnibusLawPetaniSejahtera",rancang undang undang cipta kerja tani,1
573,@bripfths,"Banyak kali Pengalihan isu ditahun Corona ini. Belum Juga kelar masalah RUU Cipta kerja Yang masih Ngalor Ngidul, Yang sebentar lagi di Sahkan Presiden. Padahal Mayoritas masyarakat,Buruh Dan pekerja lainnya sangat keberatan dengan munculnya RUU Cipta Kerja.

Slide 1",kali alih isu tahun corona kelar rancang undang undang cipta kerja utara selatan sebentar sah presiden mayoritas masyarakat buruh kerja berat muncul rancang undang undang cipta kerja slide,0
574,@jurnascom,"Menaker Ida RUU Cipta Kerja untuk Sediakan Lapangan Kerja Sebanyak banyaknyaMenaker Ida: RUU Cipta Kerja untuk Sediakan Lapangan Kerja Sebanyak-banyaknya
RUU Cipta Kerja bertujuan untuk menyediakan lapangan kerja sebanyak-banyaknya bagi para pencari kerja dan penganggur
jurnas.com",menteri ketenagakerjaan ida rancang undang undang cipta kerja sedia lapang kerja banyak menteri ketanagakerjaan ida rancang undang undang cipta kerja sedia lapang kerja banyak rancang undang undang cipta kerja tuju sedia lapang kerja banyak cari kerja anggur,1
575,@lindasari_d,Kalau hoax yak di jelaskan secara konkrit dong pak jangan bilang hoaxnya doang tanpa menjelaskan secara detail. Masyarakat hanya butuh penjelasan isi naskah RUU Cipta Kerja.#MataNajwa,hoax ya konkrit bilang hoax doang detail masyarakat butuh jelas isi naskah rancang undang undang cipta kerja,1
576,@LPKApkp,"Secara resmi, Menteri 
@perekonomianri
 telah menetapkan Panitia Antar Kementerian dan/atau Antar NonKementerian dalam Penyusunan RUU tentang Cipta Lapangan Kerja pada tanggal 23 Oktober 2019.",resmi menteri tetap panitia menteri nonkementerian susun rancang undang undang cipta lapang kerja tanggal oktober,1
577,@MediaPanglima,"Pjs. Bupati Pesisir Barat Memimpin Vicon tentang RUU Cipta KerjaPjs. Bupati Pesisir Barat Memimpin Vicon tentang RUU Cipta Kerja | Mediapanglima.co
MP Pesisir Barat – Pjs.Bupati Pesisir Barat Achmad Chrisna Putra memimpin Vicon tentang RUU CIPTA KERJA. Di Ruang Batu Gughi, Rabu (14/10/2020). Hadir dalam Acara tersebut, Pjs.Bupati Pesisir Barat...
mediapanglima.co",jabat bupati pesisir barat pimpin konferensi video rancang undang undang cipta kerja pjs bupati pesisir barat pimpin konferensi video rancang undang undang cipta kerja media panglima mp pesisir barat jabat bupati pesisir barat achmad chrisna putra pimpin konferensi video rancang undang undang cipta kerja ruang batu gughi rabu hadir acara jabat bupati pesisir barat media panglima,1
578,@BennyHarmanID,"Sah! Draf Final UU Cipta Kerja yang Resmi 812 Hn? Bukan soal jumlah halalaman, sejuta halaman pun ndak soal. Apa perkara kita? Soalnya adalah tidak ada RUU hasil kerja Panja dan Timus-Timsin yang disahkan di Rapat Purna itu. Ndak ada kan? Rakyat Monitor!Sah! DPR: Draf Final UU Cipta Kerja yang Resmi 812 Halaman
Simak penjelasan Wakil Ketua DPR RI dari Fraksi Golkar Azis Syamsuddin.
cnbcindonesia.com",sah draf final undang undang cipta kerja resmi halaman halaman juta halaman perkara rancang undang undang hasil kerja panitia kerja tim rumus tim sinkronisasi sah rapat purna rakyat monitor sah dewan wakil rakyat draf final undang undang cipta kerja resmi halaman simak jelas wakil ketua dewan wakil rakyat rakyat indonesia fraksi golkar azis syamsuddin,1
579,@HelmiHelmimoze,"Membalas 
@msaid_diduSemua yg terlibat dl RUU Cipta Kerja Layak Diberi Gelar ""Penghianat Negara"" 
@DPR_RI
 @jokowi
 @PolitikLIPI
 @CSISIndonesia
 @univ_indonesia
 @undip",balas libat rancang undang undang cipta kerja layak gelar khianat negara,0
580,@mampirbentar,Ada yg mau baca RUU Cipta Kerja ?  Barusan dapet draft’nya nih.,baca rancang undang undang cipta kerja draf,1
581,@LambeTani,"Coba dipahami lebih dalam terkait RUU Cipta Kerja yang membahas pertanian, disitu justru sangat membela petani, pemenuhan pangan nasional diprioritaskan dari hasil prod dalam negeri tul gak? 
@kementan
 #OmnibusLawPetaniSejahtera",coba paham kait rancang undang undang cipta kerja bahas tani situ bela tani penuh pangan nasional prioritas hasil produk negeri,1
582,@03__nakula,"Presiden menyampaikan RUU cipta kerja kepada ketua DPR RI melalui surat presiden. 

Menko perekonomiannya 
@airlangga_hrt
 menyampaikan surat presiden ke ketus DPR RI. 

Kemudian DPR RI bersama pemerintah adakan konsultasi publik yang diikuti masyarakat.

#OmnibusLawTaatProsedural",presiden rancang undang undang cipta kerja ketua dewan wakil rakyat rakyat indonesia surat presiden menteri koordinator ekonomi surat presiden ketus dewan wakil rakyat rakyat indonesia dewan wakil rakyat rakyat indonesia perintah konsultasi publik ikut masyarakat,1
583,@MitraMedia7,"RUU Cipta Kerja (Baleg DPR PDF)
http://dpr.go.id/dokakd/dokumen/BALEG-RJ-20200605-100224-2372.pdf…",rancang undang undang cipta kerja baleg dewan wakil rakyat pdf,1
584,@wartapenanews32,"Hari Ini DPR Serahkan Draf Final RUU Cipta Kerja ke JokowiHari Ini DPR Serahkan Draf Final RUU Cipta Kerja ke Jokowi - wartapenanews.com
DPR RI akan mengirimkan draf final Rancangan Undang-Undang Cipta Kerja kepada Presiden Joko Widodo pada Rabu (14/10) hari ini.
wartapenanews.com",dewan wakil rakyat serah draf final rancang undang undang cipta kerja jokowi dewan wakil rakyat serah draf final rancang undang undang cipta kerja jokowi dewan wakil rakyat rakyat indonesia kirim draf final rancang undang undang cipta kerja presiden joko widodo rabu,1
585,@iPhyM,"""Ormas Malang bersatu tolak anarkis""

kira kira agenda Demo nya ""Tolak RUU CIPTA KERJA tanpa Anarkis"" atau ""Demo Tolak Demo Anarkis""?",organisasi massa malang satu tolak anarkis agenda demo tolak rancang undang undang cipta kerja anarkis demo tolak demo anarkis,0
586,@DiniHrdianti,"Aturan yg dipergunakan dlm proses penyusunan draft RUU CIPTA KERJA adlh :
UU Ibukota Negara
UU Cipta Lapangan Kerja
dan UU Perpajakan.

Jadi semua mengacu pada 3 UU tsb
#OmnibusLawTaatProsedural",atur proses susun draf rancang undang undang cipta kerja undang undang kota negara undang undang cipta lapang kerja undang undang paja acu undang undang,1
587,@Diegosanrose18,"wait a minute, koreksi dikit:

banyak orang-orang yg ditinggalkan dlm pembahasan RUUCiptaKerja, UU Cipta Kerja ini dari OLIGARKI, oleh OLIGARKI, untuk OLIGARKI
karena itu #OmnibusLawTidakTransparan ~ Bung BuzzerPemerintahTweet Kutipan
Fadjroel Rachman
@fadjroeL
 · 14 Okt
Tak ada seorang pun yang ditinggalkan dalam pembahasan #UUCiptaKerja UNDANG-UNDANG CIPTA KERJA INI DARI RAKYAT, OLEH RAKYAT, UNTUK RAKYAT karena itu
#OmnibusLawTransparan
 ~ #Jubir #BungJubir @JubirPresidenRI #UuCiptaKerjaTRANSPARAN",tunggu a mute koreksi orang orang tinggal bahas rancang undang undang cipta kerja undang undang cipta kerja oligarki oligarki oligarki buzzer perintah tweet kutip fadjroel rachman oktober tinggal bahas undang undang cipta kerja rakyat rakyat rakyat,1
588,@abi_ranata,"Mata Najwa:
Di Balik Aneka Versi Naskah RUU Cipta Kerja",mata najwa aneka versi naskah rancang undang undang cipta kerja,1
589,@economiczone_id,"Menaker Ida: RUU Cipta Kerja Tidak Ompong, Ketentuan Sanksi Diadopsi dari UU Lama: ECONOMIC ZONE - Menteri ketenagakerjaan, Ida Fauziyah memberikan paparannya di Jakarta, Kamis (15/10/2020). Menaker terus menyosialisasikan RUU Cipta Kerja, khususnya…Menaker Ida: RUU Cipta Kerja Tidak Ompong, Ketentuan Sanksi Diadopsi dari UU Lama - Economic Zone
ECONOMIC ZONE - Menteri ketenagakerjaan, Ida Fauziyah memberikan paparannya di Jakarta, Kamis (15/10/2020). Menaker terus menyosialisasikan RUU Cipta Kerja, khususnya klaster ketenagakerjaan bagi...
economiczone.id",menteri ketenagakerjaan ida rancang undang undang cipta kerja ompong tentu sanksi adopsi undang undang ekonomi zona menteri ketenagakerjaan ida fauziyah papar jakarta kamis menteri ketenagakerjaan sosialisasi rancang undang undang cipta kerja menteri ketenagakerjaan ida rancang undang undang cipta kerja ompong tentu sanksi adopsi undang undang ekonomi zona ekonomi zona menteri ketenagakerjaan ida fauziyah papar jakarta kamis menteri ketenagakerjaan sosialisasi rancang undang undang cipta kerja kluster ketenagakerjaan zona ekonomi,1
590,@Mtuhasan02,"#OmnibusLawUntungkanBuruh

Keren pengacara satu inih,gak banyak omong sebelum selesai baca RUU Cipta Kerja,

Inih jadi contoh yg baik buat generasi muda sekarang,baca,dan pelajari dulu sebelum kalian sampaikan orasi dalam demo

Hindari berita hoax,saudaraMalan Melintang di Dunia Hukum, Hotman Paris Selesai Baca UU Cipta Kerja: Ini Sangat Menguntungkan...
Disela-sela banyaknya kritik untuk pemerintah, pengacara kondang Tanah Air, Hotman Paris Hutapea bak mengabarkan angin segar.
sosok.grid.id",keren acara omong selesai baca rancang undang undang cipta kerja contoh generasi muda baca ajar orasi demo hindar berita hoax saudaramalan lintang dunia hukum hotman paris selesai baca undang undang cipta kerja untung sela banyak kritik perintah acara kondang tanah air hotman paris hutapea bak abar angin segar sosok jaring,1
591,@i_am_indonesia8,RUU Cipta Kerja Beri Perlindungan Bagi Korban Pekerja PHK,rancang undang undang cipta kerja lindung korban kerja phk,1
592,@selfmirror_,"Tahapan penyusunan RUU Cipta Kerja
6. Di bentuk Panja
Badan legislasi (Baleg) DPR RI, DPD RI dan pemerintah melakukan rapat perdana pada tanggal 14 April 2020.

#OmnibusLawTaatProsedural",tahap susun rancang undang undang cipta kerja bentuk panitia kerja badan legislasi baleg dewan wakil rakyat rakyat indonesia dewan wakil daerah rakyat indonesia perintah rapat perdana tanggal april,1
593,@luin_mamacantik,"Pemerintah bersama dengan Dewan Perwakilan Rakyat (DPR) telah menyepakati Rancanan Undang-Undang (RUU) Ominbus Law Cipta Kerja.
https://joglosemarnews.com/2020/10/ditolak-buruh-pemerintah-klaim-ada-9-keuntungan-ruu-omnibus-law-cipta-kerja-bagi-masyarakat/…
#OBLBuatRakyatSejahtera",perintah dewan wakil rakyat dewan wakil rakyat pakat rancang undang undang rancang undang undang omnibus law cipta kerja,1
594,@djaritakirana,"Pelajar yg ikut menolak RUU ciptakerja untuk masa dpn pekerja buruh, tdk dpt SKCK.

Kelen jangan panik tdk ada SKCK, cukup belajar sma Ahok mantan napi bisa jadi komisaris pertamina
Polisi Tidak Akan Terbitkan SKCK bagi Pelajar Ikut Demo UU CiptakerPolisi Tidak Akan Terbitkan SKCK bagi Pelajar Ikut Demo UU Ciptaker
Baca Artikel Polisi Tidak Akan Terbitkan SKCK bagi Pelajar Ikut Demo UU Ciptaker Selengkapnya di Gelora News
gelora.co",ajar tolak rancang undang undang cipta kerja kerja buruh skck panik skck ajar sma ahok mantan napi komisaris pertamina polisi terbit skck ajar demo undang undang cipta kerja polisi terbit skck ajar demo undang undang cipta kerja baca artikel polisi terbit skck ajar demo undang undang cipta kerja lengkap gelora news gelora,0
595,@anakharrypotter,"Membalas 
@gitaaayeteHarta, tahta, apa kabar RUU Cipta Kerja",balas tahta kabar rancang undang undang cipta kerja,1
596,@kemenkopmk,"#SahabatPMK , simak lagi yuk Proses Panjang Penyusunan RUU Cipta Kerja berikut ini 
#OmnibusLawTaatProsedur
#OmnibusLawTaatProsedural
#KemenkoPMKTweet Kutipan
#KamiPasti
@Kemenkumham_RI
 · 15 Okt
#SahabatPengayoman, sekarang lagi rame nih ya bahas Penyusunan RUU Cipta Kerja. Kalian tau ngga, kalo penyusunan RUU ini telah melalui proses yang panjang lho. Coba disimak thread Yomin ini ya

#KumhamPasti
#OmnibusLawTaatProsedural
#Kumham22
Tampilkan utas ini",simak ayo proses susun rancang undang undang cipta kerja kutip oktober ramai ya bahas susun rancang undang undang cipta kerja susun rancang undang undang proses coba simak utas yomin ya tampil utas,1
597,@Gond_rong,"Pembahasan RUU Cipta Kerja dilakukan sebanyak 64 kali. Dimana terdiri dari 2 kali rapat kerja, 56 kali rapat panja dan 6 kali rapat tim perumus dan tim sinkronisasi.

Semua sudah matang  dan sangat transparan.

Lalu kenapa masih direcokin lagi? Aneh 
#OmnibusLawTransparan",bahas rancang undang undang cipta kerja kali mana kali rapat kerja kali rapat panitia kerja kali rapat tim rumus tim sinkronisasi matang transparan recok aneh,1
598,@alifiuz,"draf RUU cipta kerja
draf RUU cipta kerja revisi
draf RUU cipta kerja revisi new
draf RUU cipta kerja revisi edit
draf RUU cipta kerja fix
draf RUU cipta kerja fix pol
draf RUU cipta kerja fix pol cetak
draf RUU cipta kerja publishing
draf RUU cipta kerja publishing newTweet Kutipan
Kompas.com
@kompascom
 · 13 Okt
Sebelumnya, beredar draf RUU Cipta Kerja dengan jumlah 1208, 905, dan 1035 halaman. http://dlvr.it/RjT70c",draf rancang undang undang cipta kerja draf rancang undang undang cipta kerja revisi draf rancang undang undang cipta kerja revisi new draf rancang undang undang cipta kerja revisi edit draf rancang undang undang cipta kerja draf rancang undang undang cipta kerja pol draf rancang undang undang cipta kerja pol cetak draf rancang undang undang cipta kerja terbit draf rancang undang undang cipta kerja terbit new tweet kutip oktober edar draf rancang undang undang cipta kerja halaman,1
599,@AngetTehtawar,"Cukup cinta ku ditolak, RUU OMNIBUSLAW dan HAK CIPTA KERJA, JANGAN.

#OmnibusLaw #BuruhMenggugatUUCiptaKerja #TolakProvokasiHoaxOBL 
@jakartaakeras",cinta tolak rancang undang undang omnibus law hak cipta kerja,1
600,@yunanbisri,"RUU Cipta Kerja bertujuan untuk menyediakan lapangan kerja sebanyak-banyaknya bagi para pencari kerja dan penganggur. 
#OBLBuatRakyatSejahteraOmnibus Law Masih Ditolak Rakyat, Ida Fauziyah Jelaskan Urgensi dan Manfaat RUU Cipta Kerja -...
Banyak berita mengenai UU Cipta Kerja yang menyebar di masyarakat.
tasikmalaya.pikiran-rakyat.com",rancang undang undang cipta kerja tuju sedia lapang kerja banyak cari kerja anggur law tolak rakyat ida fauziyah urgensi manfaat rancang undang undang cipta kerja berita undang undang cipta kerja sebar masyarakat tasikmalaya pikir,1