,user_account,tweet,label,remove_user,remove_symbol,remove_duplicate_char,remove_emojis,tweet_clean
0,@RahmaFathiyyah,"Ketua DPR: Draft RUU Cipta Kerja Hanya Dicek Acak, World Bank Justru Memujinya? | Serba-serbi MMC

Pengesahan UU Cipta Kerja sudah dua minggu berlalu. Sudahlah rapat larut malam saat weekend demi sahnya RUU Cilaka ini.",1,"Ketua DPR: Draft RUU Cipta Kerja Hanya Dicek Acak, World Bank Justru Memujinya? | Serba-serbi MMC

Pengesahan UU Cipta Kerja sudah dua minggu berlalu. Sudahlah rapat larut malam saat weekend demi sahnya RUU Cilaka ini.","Ketua DPR: Draft RUU Cipta Kerja Hanya Dicek Acak, World Bank Justru Memujinya? | Serba-serbi MMC

Pengesahan UU Cipta Kerja sudah dua minggu berlalu. Sudahlah rapat larut malam saat weekend demi sahnya RUU Cilaka ini.","Ketua DPR: Draft RUU Cipta Kerja Hanya Dicek Acak, World Bank Justru Memujinya? | Serba-serbi MMC

Pengesahan UU Cipta Kerja sudah dua minggu berlalu. Sudahlah rapat larut malam saat weekend demi sahnya RUU Cilaka ini.",ketua dewan perwakilan rakyat draf rancangan undang undang cipta kerja hanya dicek acak dunia bank justru memujinya serba serbi mmc pengesahan undang undang cipta kerja sudah dua minggu berlalu sudahlah rapat larut malam saat akhir pekan demi sahnya rancangan undang undang celaka ini,ketua dewan wakil rakyat draf rancang undang undang cipta kerja cek acak dunia bank puji serba serbi mmc kesah undang undang cipta kerja minggu rapat larut malam pekan sah rancang undang undang celaka
1,@Hendria04991579,"Jurus kilat ala sistem kebut skripsi layaknya mahasiswa semester tua, RUU Omnibus Law ini ngebet dan ngebut digarap di Senayan.  Fixed, RUU Cipta Kerja disahkan menjadi UU Ciptaker dalam sidang paripurna yang hasilnya jauh dari kata sempurna.
#OmnibusLawSengsarakanPerempuan",0,"Jurus kilat ala sistem kebut skripsi layaknya mahasiswa semester tua, RUU Omnibus Law ini ngebet dan ngebut digarap di Senayan.  Fixed, RUU Cipta Kerja disahkan menjadi UU Ciptaker dalam sidang paripurna yang hasilnya jauh dari kata sempurna.
#OmnibusLawSengsarakanPerempuan","Jurus kilat ala sistem kebut skripsi layaknya mahasiswa semester tua, RUU Omnibus Law ini ngebet dan ngebut digarap di Senayan.  Fixed, RUU Cipta Kerja disahkan menjadi UU Ciptaker dalam sidang paripurna yang hasilnya jauh dari kata sempurna.
","Jurus kilat ala sistem kebut skripsi layaknya mahasiswa semester tua, RUU Omnibus Law ini ngebet dan ngebut digarap di Senayan.  Fixed, RUU Cipta Kerja disahkan menjadi UU Ciptaker dalam sidang paripurna yang hasilnya jauh dari kata sempurna.
",jurus kilat ala sistem kebut skripsi layaknya mahasiswa semester tua rancangan undang undang omnibus law ini ngebet dan mengebut digarap di senayan pasti rancangan undang undang cipta kerja disahkan menjadi undang undang cipta kerja dalam sidang paripurna yang hasilnya jauh dari kata sempurna,jurus kilat ala sistem kebut skripsi layak mahasiswa semester tua rancang undang undang omnibus law ngebet kebut garap senayan rancang undang undang cipta kerja sah undang undang cipta kerja sidang paripurna hasil sempurna
2,@anis34216465,"Sudah jatuh tertimpa tangga. Bebas Covid-19 jauh panggang dari api, palu diketok masuk resesi, pemerintah gerak cepat kirim “kado” pengesahan RUU Cipta Kerja.
#OmnibusLawSengsarakanPerempuan",0,"Sudah jatuh tertimpa tangga. Bebas Covid-19 jauh panggang dari api, palu diketok masuk resesi, pemerintah gerak cepat kirim “kado” pengesahan RUU Cipta Kerja.
#OmnibusLawSengsarakanPerempuan","Sudah jatuh tertimpa tangga. Bebas Covid-19 jauh panggang dari api, palu diketok masuk resesi, pemerintah gerak cepat kirim “kado” pengesahan RUU Cipta Kerja.
","Sudah jatuh tertimpa tangga. Bebas Covid-19 jauh panggang dari api, palu diketok masuk resesi, pemerintah gerak cepat kirim “kado” pengesahan RUU Cipta Kerja.
",sudah jatuh tertimpa tangga bebas covid jauh panggang dari api palu diketok masuk resesi pemerintah gerak cepat kirim kado pengesahan rancangan undang undang cipta kerja,jatuh timpa tangga bebas covid panggang api palu ketok masuk resesi perintah gerak cepat kirim kado kesah rancang undang undang cipta kerja
3,@SINDOnews,"Tokoh KAMI Ahmad Yani Akui Hendak Diangkut Polisi #8ukaSindonews #JagaDamaiIndonesia #ruuciptakerja #KAMITokoh KAMI Ahmad Yani Akui Hendak Diangkut Polisi
Ketua Komite Eksekutif KAMI, Ahmad Yani dikabarkan didatangi sekitar 25 orang aparat kepolisian di kantornya, Jalan Matraman...
nasional.sindonews.com",0,"Tokoh KAMI Ahmad Yani Akui Hendak Diangkut Polisi #8ukaSindonews #JagaDamaiIndonesia #ruuciptakerja #KAMITokoh KAMI Ahmad Yani Akui Hendak Diangkut Polisi
Ketua Komite Eksekutif KAMI, Ahmad Yani dikabarkan didatangi sekitar 25 orang aparat kepolisian di kantornya, Jalan Matraman...
nasional.sindonews.com","Tokoh KAMI Ahmad Yani Akui Hendak Diangkut Polisi     KAMI Ahmad Yani Akui Hendak Diangkut Polisi
Ketua Komite Eksekutif KAMI, Ahmad Yani dikabarkan didatangi sekitar 25 orang aparat kepolisian di kantornya, Jalan Matraman...
nasional.sindonews.com","Tokoh KAMI Ahmad Yani Akui Hendak Diangkut Polisi     KAMI Ahmad Yani Akui Hendak Diangkut Polisi
Ketua Komite Eksekutif KAMI, Ahmad Yani dikabarkan didatangi sekitar 25 orang aparat kepolisian di kantornya, Jalan Matraman...
nasional.sindonews.com",tokoh kami ahmad yani akui hendak diangkut polisi kami ahmad yani akui hendak diangkut polisi ketua komite eksekutif kami ahmad yani dikabarkan didatangi sekitar orang aparat kepolisian di kantornya jalan matraman nasional,tokoh ahmad yani aku angkut polisi ahmad yani aku angkut polisi ketua komite eksekutif ahmad yani kabar datang orang aparat polisi kantor jalan matraman nasional
