eps_title,video
One Piece Episode 1 Subtitle Indonesia,https://desustream.me/moedesu/?id=RDNURndxYXZYVlErRFNXb1MzUzhNZz09
One Piece Episode 2 Subtitle Indonesia,https://desustream.me/moedesu/?id=SnNGcGhyemFYeHBxa0RZblVuK0dnUT09
One Piece Episode 3 Subtitle Indonesia,https://desustream.me/moedesu/?id=QjRLKzJsdXlpUmltM3c5eERQMG1Ndz09
One Piece Episode 4 Subtitle Indonesia,https://desustream.me/moedesu/?id=MCtrYUUzU2JvYXN6aC9Qb2Zob2tkdz09
One Piece Episode 5 Subtitle Indonesia,https://desustream.me/moedesu/?id=cnpmK0pFb2dqRTlnWG81MFNrb0VzZz09
One Piece Episode 6 Subtitle Indonesia,https://desustream.me/moedesu/?id=bWZVTWNZKytUZFdRcWZmZ0VLcGxDdz09
One Piece Episode 7 Subtitle Indonesia,https://desustream.me/moedesu/?id=bHhIYlR2a3VaWG5kRm9QZ2JuaWk3UT09
One Piece Episode 8 Subtitle Indonesia,https://desustream.me/moedesu/?id=eGswRUU1S0JVYXlJbGZLUGNTY2gwZz09
One Piece Episode 9 Subtitle Indonesia,https://desustream.me/moedesu/?id=QjB4K2lJRHMwcHJEQWlaaXJHMXBvdz09
One Piece Episode 10 Subtitle Indonesia,https://desustream.me/moedesu/?id=S0c0bTd6VnpORUFzL1ZMRjZIbUNDUT09
One Piece Episode 11 Subtitle Indonesia,https://desustream.me/moedesu/?id=TkdrVGxXcDdGQmhBdThsNlRWdE55dz09
One Piece Episode 12 Subtitle Indonesia,https://desustream.me/moedesu/?id=Q3NtTFN0Y211Y3orMWlJQjNYMW9qQT09
One Piece Episode 13 Subtitle Indonesia,https://desustream.me/moedesu/?id=Y2dyOFM3bUllN3R2RUpRRFpOSHgyZz09
One Piece Episode 14 Subtitle Indonesia,https://desustream.me/moedesu/?id=WFZlNWp2MTgvUy90dzVMZ2YyNm1pUT09
One Piece Episode 15 Subtitle Indonesia,https://desustream.me/moedesu/?id=bEpnNjRWbkh0MnhwUnJRYkRiOGRZQT09
One Piece Episode 16 Subtitle Indonesia,https://desustream.me/moedesu/?id=S29KVFZ2Y2Jnc1JxRjFoR2FyNWs4UT09
One Piece Episode 17 Subtitle Indonesia,https://desustream.me/moedesu/?id=SkRJa1lRRlc2L0JwVGZsLzM4emNQQT09
One Piece Episode 18 Subtitle Indonesia,https://desustream.me/moedesu/?id=TnBvcDVnUy9QL05ScGpUU0ZWcmx4Zz09
One Piece Episode 19 Subtitle Indonesia,https://desustream.me/moedesu/?id=UnlXYnp5ZXFQaDJLNjhGNDNTdkVPZz09
One Piece Episode 20 Subtitle Indonesia,https://desustream.me/moedesu/?id=N2pEV2ZVZWZMN0VKSnpGTVFRTUJsZz09
One Piece Episode 21 Subtitle Indonesia,https://desustream.me/moedesu/?id=VWI4NFBjekxacEVDV0o3ZTNvM25UZz09
One Piece Episode 22 Subtitle Indonesia,https://desustream.me/moedesu/?id=MDhlYkl0OUdJcFRlMDN2WHAyOTQ5dz09
One Piece Episode 23 Subtitle Indonesia,https://desustream.me/moedesu/?id=NDVDSjFlM1EzdjMxd2VBK2FVcC9XUT09
One Piece Episode 24 Subtitle Indonesia,https://desustream.me/moedesu/?id=Ynp0RDVFVUlIdXV5bEEydHRXUGZaQT09
One Piece Episode 25 Subtitle Indonesia,https://desustream.me/moedesu/?id=TXk2VThjeStZRi9RYnMwNTRBRWtPUT09
One Piece Episode 26 Subtitle Indonesia,https://desustream.me/moedesu/?id=cmVITzh0a3pwTWQ2UUs3Wlh6L2xldz09
One Piece Episode 27 Subtitle Indonesia,https://desustream.me/moedesu/?id=c2VpbXhQQ2E3ZHpsLzBvN1NTZU1TQT09
One Piece Episode 28 Subtitle Indonesia,https://desustream.me/moedesu/?id=NTkydmkzQ1NrUWUvQ2Z1RXFsaUc0UT09
One Piece Episode 29 Subtitle Indonesia,https://desustream.me/moedesu/?id=RGZRZ1lCTUtXV0NoVWJIdUNhbmw4UT09
One Piece Episode 30 Subtitle Indonesia,https://desustream.me/moedesu/?id=a203bkNOdGRiZ3BVY1A5MWRWU3lvQT09
One Piece Episode 31 Subtitle Indonesia,https://desustream.me/moedesu/?id=WGNBZXk4TGFDTTFaRlUvbHpoemdVdz09
One Piece Episode 32 Subtitle Indonesia,https://desustream.me/moedesu/?id=RCtEQXBRd01GazNyWm9EL2JzeWUydz09
One Piece Episode 33 Subtitle Indonesia,https://desustream.me/moedesu/?id=VEg4R05HaGNjZVkzdXorN00xRjU5Zz09
One Piece Episode 34 Subtitle Indonesia,https://desustream.me/moedesu/?id=ejljb0RZR1JNY2kxOExpOEoxdExxQT09
One Piece Episode 35 Subtitle Indonesia,https://desustream.me/moedesu/?id=WHNFak5Hb1lSNG5FWEdRNkExQ2VaQT09
One Piece Episode 36 Subtitle Indonesia,https://desustream.me/moedesu/?id=L0ZFQjhzRnU5R2xZam9uY1hMUXVsQT09
One Piece Episode 37 Subtitle Indonesia,https://desustream.me/moedesu/?id=RytzNVVnY0J1Rk0xbVVZSTV6YXdsQT09
One Piece Episode 38 Subtitle Indonesia,https://desustream.me/moedesu/?id=MStURnhPN1lvaWZPK3ByZnFrblJtdz09
One Piece Episode 39 Subtitle Indonesia,https://desustream.me/moedesu/?id=YVo4MVUyK3pyMG5FV2Y5aG1VSlk0Zz09
One Piece Episode 40 Subtitle Indonesia,https://desustream.me/moedesu/?id=djcyZmZMTitGWkU2b25mNzJLdjZPdz09
One Piece Episode 41 Subtitle Indonesia,https://desustream.me/moedesu/?id=VndvbmJkWStNZUdCaVQzbE00NHU1QT09
One Piece Episode 42 Subtitle Indonesia,https://desustream.me/moedesu/?id=MzdoS0dHRDkxb3JhWlNXY1NRc3dIUT09
One Piece Episode 43 Subtitle Indonesia,https://desustream.me/moedesu/?id=M1RublN0NEFtWXlrazBsTlVDV1ZvZz09
One Piece Episode 44 Subtitle Indonesia,https://desustream.me/moedesu/?id=K1Z4OGt2dUYzcDBjTFRicWtMMmxCdz09
One Piece Episode 45 Subtitle Indonesia,https://desustream.me/moedesu/?id=bURsbGc2MGd1anVLTU5lSmZoSTIvUT09
One Piece Episode 46 Subtitle Indonesia,https://desustream.me/moedesu/?id=NGZydHBKaWhaTVBzcm80TitCc2FRZz09
One Piece Episode 47 Subtitle Indonesia,https://desustream.me/moedesu/?id=Q1dQM2lEK1NNQXBFN0hVaFA1ZGhpdz09
One Piece Episode 48 Subtitle Indonesia,https://desustream.me/moedesu/?id=UjdLcFJQKzdpdmdaWW1iQ1JXSE4yQT09
One Piece Episode 49 Subtitle Indonesia,https://desustream.me/moedesu/?id=aWRHK3cwOFNUaFNSMXhPQ01yS2VxUT09
One Piece Episode 50 Subtitle Indonesia,https://desustream.me/moedesu/?id=RnFPTGxFUWJ6VGkxRXgyamszcHQrdz09
One Piece Episode 51 Subtitle Indonesia,https://desustream.me/moedesu/?id=M0dnVTRNTGJCNm81L0x1aWhpRmVkZz09
One Piece Episode 52 Subtitle Indonesia,https://desustream.me/moedesu/?id=QjZHVVNpaSs3L2dLL2F4K21qZHYxQT09
One Piece Episode 53 Subtitle Indonesia,https://desustream.me/moedesu/?id=V3JDd0tGUDA0WmJXTEtPVCtvZ2ViQT09
One Piece Episode 54 Subtitle Indonesia,https://desustream.me/moedesu/?id=L3k0RjkySzV6ZFFPUWt1RnczdTVJUT09
One Piece Episode 55 Subtitle Indonesia,https://desustream.me/moedesu/?id=WkRLNTVOM1dHdHhPU0puZFNJNGtWQT09
One Piece Episode 56 Subtitle Indonesia,https://desustream.me/moedesu/?id=a3RrVFd3TUZkRFpxKzQ5dUxrZXFBQT09
One Piece Episode 57 Subtitle Indonesia,https://desustream.me/moedesu/?id=QThjQlFZaWt0R0M4MXNoVDVjM3hoZz09
One Piece Episode 58 Subtitle Indonesia,https://desustream.me/moedesu/?id=V0lQQ2picDIxeGdIUEs1dmhsa3JWZz09
One Piece Episode 59 Subtitle Indonesia,https://desustream.me/moedesu/?id=ck1wT0Vta09lSzkwdG40bHJvNmk2Zz09
One Piece Episode 60 Subtitle Indonesia,https://desustream.me/moedesu/?id=bU9mVW5DS2t4b2pSRk1lUFpNMk5LZz09
One Piece Episode 61 Subtitle Indonesia,https://desustream.me/moedesu/?id=WnNHT1RUcTM1RUZpUTU1dzVpaGg1dz09
One Piece Episode 62 Subtitle Indonesia,https://desustream.me/moedesu/?id=VlVZelptR0NqbytzZ3RYTGU4c0lBQT09
One Piece Episode 63 Subtitle Indonesia,https://desustream.me/moedesu/?id=QXBXcjZLWnFMRksvZkVMc0Z0a21pUT09
One Piece Episode 64 Subtitle Indonesia,https://desustream.me/moedesu/?id=UDBDdDVlQmlRUng4VFpMYkhmbHYzZz09
One Piece Episode 65 Subtitle Indonesia,https://desustream.me/moedesu/?id=QzgvQ0JHOGFoSi9QR3VUUHFuaU4wdz09
One Piece Episode 66 Subtitle Indonesia,https://desustream.me/moedesu/?id=S29BbVpibkZJVzFrUXdIRGhJNG05dz09
One Piece Episode 67 Subtitle Indonesia,https://desustream.me/moedesu/?id=VGFWdTdPN2crZmVjTzlhMk00RGx5dz09
One Piece Episode 68 Subtitle Indonesia,https://desustream.me/moedesu/?id=My85ZkV5Yk9iNE94clFTdG5hQkhvQT09
One Piece Episode 69 Subtitle Indonesia,https://desustream.me/moedesu/?id=cExXcUhuMGtOOE4zWTZhYWVOV0RSUT09
One Piece Episode 70 Subtitle Indonesia,https://desustream.me/moedesu/?id=Nmx4eTZPQnVSalhXQ3ZLcjhldXhnZz09
One Piece Episode 71 Subtitle Indonesia,https://desustream.me/moedesu/?id=YVNpZVdtQ295UXVwajg4YzF2b2gvZz09
One Piece Episode 72 Subtitle Indonesia,https://desustream.me/moedesu/?id=Y3pUWVJ6K3RxbFNqdjVaQXJZZytmdz09
One Piece Episode 73 Subtitle Indonesia,https://desustream.me/moedesu/?id=R1RzTGo4WndxbStLSTByV1BJWGJxQT09
One Piece Episode 74 Subtitle Indonesia,https://desustream.me/moedesu/?id=ejU1MHlDNGliN3Brb2dxeWNkN2VHQT09
One Piece Episode 75 Subtitle Indonesia,https://desustream.me/moedesu/?id=Ui9KWWZtczJYSTJGZFhyTVh6d2ZnZz09
One Piece Episode 76 Subtitle Indonesia,https://desustream.me/moedesu/?id=WnhUMW41b1p3TWVtYmhPYW83aGRnZz09
One Piece Episode 77 Subtitle Indonesia,https://desustream.me/moedesu/?id=V3d2UVZnc1RiSWQ3T0NOUm9FbzVtUT09
One Piece Episode 78 Subtitle Indonesia,https://desustream.me/moedesu/?id=OUFzcVMwUERNQTkrcENRdzUxUzdQZz09
One Piece Episode 79 Subtitle Indonesia,https://desustream.me/moedesu/?id=d2dRc2ZwL2JDb3FuMHVYU1ZXOHJxQT09
One Piece Episode 80 Subtitle Indonesia,https://desustream.me/moedesu/?id=TjIvVGl2a3BtM3VSWXY5RlFJZVlvZz09
One Piece Episode 81 Subtitle Indonesia,https://desustream.me/moedesu/?id=K2h2RDF1Q2VjT1RPdkZOZmdUTEd2dz09
One Piece Episode 82 Subtitle Indonesia,https://desustream.me/moedesu/?id=T2xZQzV6b1RVbmlvUnorOXVUamJrQT09
One Piece Episode 83 Subtitle Indonesia,https://desustream.me/moedesu/?id=N0IvRm1EajBPTUwzdVRkSEFwR3lpZz09
One Piece Episode 84 Subtitle Indonesia,https://desustream.me/moedesu/?id=YkZvWXpuN2ZHYThxSnU3MlpnWmlvZz09
One Piece Episode 85 Subtitle Indonesia,https://desustream.me/moedesu/?id=NnV1alFLNVIxUGFUZzlCK09IWGtqdz09
One Piece Episode 86 Subtitle Indonesia,https://desustream.me/moedesu/?id=dTFnMU9UbVhld1hVUmlMa0dCOEw2dz09
One Piece Episode 87 Subtitle Indonesia,https://desustream.me/moedesu/?id=cGxtWlRtakdxS0tpbkM3a0VGcmZZZz09
One Piece Episode 88 Subtitle Indonesia,https://desustream.me/moedesu/?id=cEZYK0hxajIwMmhVQkdqWUVaaTNSUT09
One Piece Episode 89 Subtitle Indonesia,https://desustream.me/moedesu/?id=dXhoM0RvNk9Fbnc1OU5WL254R2toZz09
One Piece Episode 90 Subtitle Indonesia,https://desustream.me/moedesu/?id=V1FRTXVSb2hmT3ZNcUw1REJLNGg5Zz09
One Piece Episode 91 Subtitle Indonesia,https://desustream.me/moedesu/?id=MC91bU1wMDRLODlmK2Y4SStycXlnZz09
One Piece Episode 92 Subtitle Indonesia,https://desustream.me/moedesu/?id=bHBwQkcrREdBTHY2NzY0NWhJZ1JpUT09
One Piece Episode 93 Subtitle Indonesia,https://desustream.me/moedesu/?id=ZmF0ZHNVZWY3STVQdjZ2cjhmVGVkZz09
One Piece Episode 94 Subtitle Indonesia,https://desustream.me/moedesu/?id=azBwVUpjTmNNYU9lVVErcjZNa2V0QT09
One Piece Episode 95 Subtitle Indonesia,https://desustream.me/moedesu/?id=WC9WNGFoMWpQVkNzMEJaRWQyY3B6Zz09
One Piece Episode 96 Subtitle Indonesia,https://desustream.me/moedesu/?id=ZnhDSUZaaVU4K0k2RXprd0tRMGlCZz09
One Piece Episode 97 Subtitle Indonesia,https://desustream.me/moedesu/?id=NlJUbGhJVmI3WVNvNHprVCtxQmg4dz09
One Piece Episode 98 Subtitle Indonesia,https://desustream.me/moedesu/?id=NnF4cnczL0JzajczRHdzdkVKZ1krUT09
One Piece Episode 99 Subtitle Indonesia,https://desustream.me/moedesu/?id=blZPWCtjSlNUZ1JlNjRiL3I0ejlxdz09
One Piece Episode 100 Subtitle Indonesia,https://desustream.me/moedesu/?id=aXEvWVVnbjBYTDFWcmdaRjB0VzZkUT09
One Piece Episode 101 Subtitle Indonesia,https://desustream.me/moedesu/?id=OVVZZmFMblBmcWlCMDJ6T3JYWmZCQT09
One Piece Episode 102 Subtitle Indonesia,https://desustream.me/moedesu/?id=QWZlYTRlRmxVb00wQ2QvRjBwNGM3Zz09
One Piece Episode 103 Subtitle Indonesia,https://desustream.me/moedesu/?id=MzUyZGxaWFpoVnd1QkZBb05iV2p1dz09
One Piece Episode 104 Subtitle Indonesia,https://desustream.me/moedesu/?id=RHU3ZjdUSk5qUVBVd1lXdnp2eHk5dz09
One Piece Episode 105 Subtitle Indonesia,https://desustream.me/moedesu/?id=bWN0cVE5ZkxrYW5CekFjaUtBZzZDdz09
One Piece Episode 106 Subtitle Indonesia,https://desustream.me/moedesu/?id=akNSSHlKdlZ3SVJBYjMzYlZwUmUzUT09
One Piece Episode 107 Subtitle Indonesia,https://desustream.me/moedesu/?id=K2RmYlBrd050YTFyeldTT3RqamxMQT09
One Piece Episode 108 Subtitle Indonesia,https://desustream.me/moedesu/?id=S0dYVElZVndnWTBhWTZ2VDJkV2ZrQT09
One Piece Episode 109 Subtitle Indonesia,https://desustream.me/moedesu/?id=ZEQ3QmNFYWZtRzk2djllbDJtWXZ3dz09
One Piece Episode 110 Subtitle Indonesia,https://desustream.me/moedesu/?id=eFZSN1pEZTlzalZDdWpQVEhrZkFoQT09
One Piece Episode 111 Subtitle Indonesia,https://desustream.me/moedesu/?id=YlREdEwwRUtXSUlzdm5OcnlYc0RjUT09
One Piece Episode 112 Subtitle Indonesia,https://desustream.me/moedesu/?id=TWF2UWJ4RUlaOEV6dTBmQm5qRUgydz09
One Piece Episode 113 Subtitle Indonesia,https://desustream.me/moedesu/?id=UXJESlFQenhtb1BXRU9YUytoT0Judz09
One Piece Episode 114 Subtitle Indonesia,https://desustream.me/moedesu/?id=RFhkM3oyS1N2R2VyOWo0SFhYdDNVdz09
One Piece Episode 115 Subtitle Indonesia,https://desustream.me/moedesu/?id=SnVuRnVHSVYwZjNUMXE1VVhPNkJZQT09
One Piece Episode 116 Subtitle Indonesia,https://desustream.me/moedesu/?id=dkJkREo0VHlFVGtWNW14TEZMMm9SUT09
One Piece Episode 117 Subtitle Indonesia,https://desustream.me/moedesu/?id=NVFrZ0tHQStKdnRHYy9tZWt2OVMyQT09
One Piece Episode 118 Subtitle Indonesia,https://desustream.me/moedesu/?id=dkhxL043L0VnRGpGRlV0VlIwRExTUT09
One Piece Episode 119 Subtitle Indonesia,https://desustream.me/moedesu/?id=endKK1FlRjZmL2dyZ2w4LzFwSUN0dz09
One Piece Episode 120 Subtitle Indonesia,https://desustream.me/moedesu/?id=VDhQMGJnQXpSTituY014a2MvMGJHZz09
One Piece Episode 121 Subtitle Indonesia,https://desustream.me/moedesu/?id=N2h4VUpxNGN4TlVpSmxzamhRcTRrZz09
One Piece Episode 122 Subtitle Indonesia,https://desustream.me/moedesu/?id=YVRsL1RBZDliRzAyWWxDazBqbzhFQT09
One Piece Episode 123 Subtitle Indonesia,https://desustream.me/moedesu/?id=WUdkc0IvK3JHUEx5eDl1MDNwQ0lyQT09
One Piece Episode 124 Subtitle Indonesia,https://desustream.me/moedesu/?id=b2xiWFpXd1FZTW5DRkJwK0dUQnlFZz09
One Piece Episode 125 Subtitle Indonesia,https://desustream.me/moedesu/?id=dnNCeFV2YTY3bUQyWS91bG9JbWZldz09
One Piece Episode 901 Subtitle Indonesia,https://desustream.me/moedesu/?id=aEtaalBlSnk4Ykd1b3ZVVXZ6THl2QT09
One Piece Episode 902 Subtitle Indonesia,https://desustream.me/moedesu/?id=UFc2WEhObWd5cDFGZU5OSm1TTFhkZz09
One Piece Episode 903 Subtitle Indonesia,https://desustream.me/moedesu/?id=U2NhblFFZUxXMVlrb2xsc25LR2FjQT09
One Piece Episode 904 Subtitle Indonesia,https://desustream.me/moedesu/?id=dXFza3ZaNGJITVRFaUVNSys0WWR6Zz09
One Piece Episode 905 Subtitle Indonesia,https://desustream.me/moedesu/?id=Q01aSEw3UURnVExpWi9TYlhrNkVndz09
One Piece Episode 906 Subtitle Indonesia,https://desustream.me/moedesu/?id=S0JhNWo3MlpaN1ZYVFk3cG43Z1dpdz09
One Piece Episode 907 Subtitle Indonesia,https://desustream.me/moedesu/?id=TGZqR0R6dDRqU3RIMWxkS3c3bEFRQT09
One Piece Episode 908 Subtitle Indonesia,https://desustream.me/moedesu/?id=azUrQ1l3NTBEMU1yVXhvSExMWHBaZz09
One Piece Episode 909 Subtitle Indonesia,https://desustream.me/moedesu/?id=aDJYcTFHdXlITkxvQTJLc3IrR3lXUT09
One Piece Episode 910 Subtitle Indonesia,https://desustream.me/moedesu/?id=OW1td2F1VSswQmRrN0pZMmZ0MUZMQT09
One Piece Episode 911 Subtitle Indonesia,https://desustream.me/moedesu/?id=djdWUitTS2F1MEx1WlBtV2Q1Z1M5dz09
One Piece Episode 912 Subtitle Indonesia,https://desustream.me/moedesu/?id=TkMvVGdDUzNGUURGZFhmVU9RMVNyZz09
One Piece Episode 913 Subtitle Indonesia,https://desustream.me/moedesu/?id=U1B4UnVScFlDdVo3ZjVRc0tmSElVUT09
One Piece Episode 914 Subtitle Indonesia,https://desustream.me/moedesu/?id=bE1BbUpwMHBIQWNlNHFGTnJacjQ3Zz09
One Piece Episode 915 Subtitle Indonesia,https://desustream.me/moedesu/?id=R2VoNmp2ZlRsMm84c1o4V2I1ZGg0dz09
One Piece Episode 916 Subtitle Indonesia,https://desustream.me/moedesu/?id=d09wUGw2dXYxa2tyR05EbklhUjVqQT09
One Piece Episode 917 Subtitle Indonesia,https://desustream.me/moedesu/?id=Ri83cFVaWmREWlhxSGhxY3oyOWhCdz09
One Piece Episode 918 Subtitle Indonesia,https://desustream.me/moedesu/?id=WXNuQmZjek1udCt1cFFwM0ZuY29TUT09
One Piece Episode 919 Subtitle Indonesia,https://desustream.me/moedesu/?id=K3VJbHg4S0lKTFJydmhFbndtbHo1dz09
One Piece Episode 920 Subtitle Indonesia,https://desustream.me/moedesu/?id=UWQ2SlMrSE15SzFmY2RGdGJ0cEp1dz09
One Piece Episode 921 Subtitle Indonesia,https://desustream.me/moedesu/?id=aHVHa3RuQVpPZnhwYzh2UHhTMzFSQT09
One Piece Episode 922 Subtitle Indonesia,https://desustream.me/moedesu/?id=MHFiR3VwWVVsSU0vWERTdmRTR0NKZz09
One Piece Episode 923 Subtitle Indonesia,https://desustream.me/moedesu/?id=SU9iK1lmZXJqcC9scnM3NHdPdmNQdz09
One Piece Episode 924 Subtitle Indonesia,https://desustream.me/moedesu/?id=bGp1Z3oybnhDemY0Szg0QkpIa2haZz09
One Piece Episode 925 Subtitle Indonesia,https://desustream.me/moedesu/?id=R0NNT2c2UnhxOEVneVIyM2ZLRm81dz09
One Piece Episode 926 Subtitle Indonesia,https://desustream.me/moedesu/?id=OXg2ekhXa3ZBTk9heW9FWGc5SnhDUT09
One Piece Episode 927 Subtitle Indonesia,https://desustream.me/moedesu/?id=VTFhVTdQMGU1THFyMTd2cGdMQkQrUT09
One Piece Episode 928 Subtitle Indonesia,https://desustream.me/moedesu/?id=SXlQYUZsY3NKNzhpcXFlU1l5SmVaUT09
One Piece Episode 929 Subtitle Indonesia,https://desustream.me/moedesu/?id=R1psMlp4L1BhT0kvS0VzWHBRYTZpUT09
One Piece Episode 930 Subtitle Indonesia,https://desustream.me/moedesu/?id=TWpGd1UrL1dWS3lybVpuOGR1Q0puUT09
One Piece Episode 931 Subtitle Indonesia,https://desustream.me/moedesu/?id=UDMzZnh3TUx2MC9XYXI0aUxKUHVWUT09
One Piece Episode 932 Subtitle Indonesia,https://desustream.me/moedesu/?id=Yy9VdzNqdkJYaFF6M3VDVnRDUXY5dz09
One Piece Episode 933 Subtitle Indonesia,https://desustream.me/moedesu/?id=cW9oOWNnYjVDUWVxVS9NVU54WUhmUT09
One Piece Episode 934 Subtitle Indonesia,https://desustream.me/moedesu/?id=MzlaUXFOM0M1YlRFdk9Pc3Z1Ui9SZz09
One Piece Episode 935 Subtitle Indonesia,https://desustream.me/moedesu/?id=SGRrSzJsTWdtMXNhcllFREdDeFFiUT09
One Piece Episode 936 Subtitle Indonesia,https://desustream.me/moedesu/?id=MW9XSWtwdEhJRFptdDRpTHdkVW9xQT09
One Piece Episode 937 Subtitle Indonesia,https://desustream.me/moedesu/?id=OWFhM01ReXc1R3hUeUNOKzJYWlN2UT09
One Piece Episode 938 Subtitle Indonesia,https://desustream.me/moedesu/?id=bUhXZHJrekE3a0JkTXNwbmtxMVJudz09
One Piece Episode 939 Subtitle Indonesia,https://desustream.me/moedesu/?id=bFAyS0h4OVVibVkrMEliNGZrTjhvUT09
One Piece Episode 940 Subtitle Indonesia,https://desustream.me/moedesu/?id=aWpqblRjcFJhS2pqWkgzK0ZjUlRGQT09
One Piece Episode 941 Subtitle Indonesia,https://desustream.me/moedesu/?id=dUlhdkExRjlqdVJKUndHRFEyYlNCdz09
One Piece Episode 942 Subtitle Indonesia,https://desustream.me/moedesu/?id=UHFpRDUyMzBCUmJEVFo0OHhsLzgzUT09
One Piece Episode 943 Subtitle Indonesia,https://desustream.me/moedesu/?id=REREUXZ3eW9ZRU5mTFVPYlZWSjR5QT09
One Piece Episode 944 Subtitle Indonesia,https://desustream.me/moedesu/?id=RzVtTHVCYllaeFlLODlVaitJeHp2QT09
One Piece Episode 945 Subtitle Indonesia,https://desustream.me/moedesu/?id=ZGJSeTZNcm5sZCt6VXNwMXBDUVlhZz09
One Piece Episode 946 Subtitle Indonesia,https://desustream.me/moedesu/?id=cXhCL3V2OTBsMG44YUpBd2NwMElvUT09
One Piece Episode 947 Subtitle Indonesia,https://desustream.me/moedesu/?id=eHVOSlFRUjZlVzgvYU9jT01YTE9mdz09
One Piece Episode 948 Subtitle Indonesia,https://desustream.me/moedesu/?id=T29sczJ5S2NVR3FmRjJGekZMZTJYQT09
One Piece Episode 949 Subtitle Indonesia,https://desustream.me/moedesu/?id=dUFZUkpYR0R3TjI5UVl4Y2Y0TUhFUT09
One Piece Episode 950 Subtitle Indonesia,https://desustream.me/moedesu/?id=S1Y5YUpnbXBxN0VJanBzaGJxTm5Udz09
One Piece Episode 951 Subtitle Indonesia,https://desustream.me/moedesu/?id=QzdtbnoxN2JmOWV5aHZQNWJpMHJOZz09
One Piece Episode 952 Subtitle Indonesia,https://desustream.me/moedesu/?id=UW5WZTVUNXZmZkFsSjZua2hnOGUrUT09
One Piece Episode 953 Subtitle Indonesia,https://desustream.me/moedesu/?id=R3N1WmQ0SVFqbC9KR1JINWtNTFNtQT09
One Piece Episode 954 Subtitle Indonesia,https://desustream.me/moedesu/?id=Ri8zdllueWFkMGZ3ZFNHNlFkRlJFZz09
One Piece Episode 955 Subtitle Indonesia,https://desustream.me/moedesu/?id=Qi9BVS90SUNseGUyb3lCVHhOckRuUT09
One Piece Episode 956 Subtitle Indonesia,https://desustream.me/moedesu/?id=OG5yU2NwR0pHeVh5M2FLa21KZXNOUT09
One Piece Episode 957 Subtitle Indonesia,https://desustream.me/moedesu/?id=MmlJb3lVYU1mb1dQRzlOSWVuNFVJUT09
One Piece Episode 958 Subtitle Indonesia,https://desustream.me/moedesu/?id=a0o1MXN1KzdGYUlXUlV5bE5vZVRHUT09
One Piece Episode 959 Subtitle Indonesia,https://desustream.me/moedesu/?id=WEVPWldiekFmcWxZQ0hUZ0VYRWNUQT09
One Piece Episode 960 Subtitle Indonesia,https://desustream.me/moedesu/?id=aHdOQ2RUeDdqVWJwcVZCUUpKbk85Zz09
One Piece Episode 961 Subtitle Indonesia,https://desustream.me/moedesu/?id=MlFsbnBSTGM2Vm9ITTNYVWFQZUY2dz09
One Piece Episode 962 Subtitle Indonesia,https://desustream.me/moedesu/?id=WGpWS2JMdHBWVkNndVFCazJJSzl3UT09
One Piece Episode 963 Subtitle Indonesia,https://desustream.me/moedesu/?id=Q2Z4ei96SFhtZFp5cm4zdzhCd0JVQT09
One Piece Episode 964 Subtitle Indonesia,https://desustream.me/moedesu/?id=dVlhY3JxR3NacktCcHA5QURacXZFdz09
One Piece Episode 965 Subtitle Indonesia,https://desustream.me/moedesu/?id=RENJT3d0MjREQTltNk0xTlN6RFlBZz09
One Piece Episode 966 Subtitle Indonesia,https://desustream.me/moedesu/?id=UTRGemJVb3RqL1AvRUs1ZXpWS2NpUT09
One Piece Episode 967 Subtitle Indonesia,https://desustream.me/moedesu/?id=eVFWR3VQWmFlcXVSSHlsbjR2aXFqZz09
One Piece Episode 968 Subtitle Indonesia,https://desustream.me/moedesu/?id=RFJLSCtNUFNLMTRNbWF0Tlc5cTZZdz09
One Piece Episode 969 Subtitle Indonesia,https://desustream.me/moedesu/?id=QVhtT3B4MGRybnhUVm5qU1pPYlJKUT09
One Piece Episode 970 Subtitle Indonesia,https://desustream.me/moedesu/?id=ZkcrQ1dLc1pGZFF4OURHVkU0dGg1UT09
One Piece Episode 971 Subtitle Indonesia,https://desustream.me/moedesu/?id=Nkc1SEJ3TlhuRFpWMnFRaG5odFpjUT09
One Piece Episode 972 Subtitle Indonesia,https://desustream.me/moedesu/?id=d1pvdUxCV1RFZHhPdFpwcU5nYXJ2QT09
One Piece Episode 973 Subtitle Indonesia,https://desustream.me/moedesu/?id=VTBRMmdWUUJ2cSs1ZzZWbDhhR0FIdz09
One Piece Episode 974 Subtitle Indonesia,https://desustream.me/moedesu/?id=MTFmYWlFS0lNWjJEY0lTUU9PZ1F1UT09
One Piece Episode 975 Subtitle Indonesia,https://desustream.me/moedesu/?id=NE53eFVQTFpyQzJzV1ZEUVlJYmd4QT09
One Piece Episode 976 Subtitle Indonesia,https://desustream.me/streamotakuchan/ondesu/?id=OEdHVS96d1kwWEhjUFFRTUp3NkQxQT09
One Piece Episode 977 Subtitle Indonesia,https://desustream.me/streamotakuchan/ondesu/?id=V0pNMG1zcnVoNzFJV1RRbU1ZeVVWUT09
One Piece Episode 978 Subtitle Indonesia,https://desustream.me/streamotakuchan/ondesu/?id=MzdISk5LV1dRV1NaS2ZSY2pvSVkwUT09
One Piece Episode 979 Subtitle Indonesia,https://desustream.me/streamotakuchan/ondesu/?id=VFEvZnBhdFFkYnNIYUs4STJWV2luRUkvNWtPNWFOMmRWenJobElGUzVwRT0=
One Piece Episode 980 Subtitle Indonesia,https://desustream.me/streamotakuchan/ondesu/?id=cVRhQ2p6NEg3QlFXQWpjL1hXMUR1dz09
One Piece Episode 981 Subtitle Indonesia,https://desustream.me/streamotakuchan/ondesu/?id=T251bVFaV3g4cyszVk9vUGpYbnpMQT09
One Piece Episode 982 Subtitle Indonesia,https://desustream.me/streamotakuchan/ondesu/?id=U0ZOa3g5VzVDa2NXM1BKRDZyZVZ0dz09
One Piece Episode 983 Subtitle Indonesia,https://desustream.me/streamotakuchan/ondesu/?id=Z1hleHZxUHFyZmRKYlg2bSsrNytuQT09
